question,answer,clean_question
What is the syllabus for CLAT 2025?,"The CLAT 2025 syllabus includes English Language, Current Affairs including General Knowledge, Legal Reasoning, Logical Reasoning, and Quantitative Techniques.",what is the syllabus for clat 2025
How many questions are there in the English section?,The English Language section typically has around 22-26 questions out of the total 120.,how many questions are there in the english section
What was the cutoff for NLSIU Bangalore last year?,The CLAT 2024 cutoff rank for NLSIU Bangalore was around AIR 114 for the general category.,what was the cutoff for nlsiu bangalore last year
What is the total duration of the CLAT exam?,The CLAT exam duration is 2 hours (120 minutes).,what is the total duration of the clat exam
What is the marking scheme in CLAT?,Each correct answer gives you 1 mark and 0.25 marks are deducted for each incorrect answer.,what is the marking scheme in clat
Is there any age limit for CLAT?,"No, there is no upper age limit for appearing in the CLAT exam.",is there any age limit for clat
How many times can I appear for CLAT?,There is no restriction on the number of attempts for the CLAT exam.,how many times can i appear for clat
What is the mode of CLAT 2025?,CLAT 2025 will be conducted in offline mode (pen and paper based).,what is the mode of clat 2025
When will CLAT 2025 be held?,CLAT 2025 is tentatively scheduled for December 2024.,when will clat 2025 be held
How can I apply for CLAT 2025?,You can apply for CLAT 2025 through the official website consortiumofnlus.ac.in.,how can i apply for clat 2025
What is the application fee for CLAT 2025?,"The application fee is ₹4,000 for general category and ₹3,500 for SC/ST/BPL candidates.",what is the application fee for clat 2025
How many NLUs participate in CLAT?,A total of 24 National Law Universities (NLUs) participate in CLAT for UG admissions.,how many nlus participate in clat
Can I edit the CLAT application form after submission?,"Yes, a correction window is usually provided for editing the CLAT application form.",can i edit the clat application form after submission
What is the eligibility for UG CLAT?,You must have passed 10+2 or equivalent with at least 45% marks (40% for SC/ST).,what is the eligibility for ug clat
Is coaching necessary for CLAT?,Coaching is not mandatory but can be helpful for structured preparation and practice.,is coaching necessary for clat
How many questions are there in CLAT 2025?,CLAT 2025 will have 120 multiple-choice questions.,how many questions are there in clat 2025
Is there a separate paper for each NLU?,"No, CLAT is a centralized exam and a single paper is used for all NLUs.",is there a separate paper for each nlu
What are the subjects in CLAT UG?,"The subjects are English Language, Current Affairs, Legal Reasoning, Logical Reasoning, and Quantitative Techniques.",what are the subjects in clat ug
What is the weightage of each section in CLAT?,"Each section carries varying weightage: Legal Reasoning (~25%), GK (~25%), English (~20%), LR (~20%), and QT (~10%).",what is the weightage of each section in clat
Is CLAT held in multiple languages?,"No, CLAT is conducted only in English.",is clat held in multiple languages
What is CLAT?,"CLAT stands for Common Law Admission Test. It is an entrance exam conducted all over India for admission into various law courses in participating law schools. CLAT is conducted for undergraduate students (5 year dual degree programs which have LLB and degrees awarded from BA to BSc, BBA, and B.Com) as well as for Graduate students opting for LLM programs.",what is clat
When did CLAT start?,"CLAT exam was started in 2008, before that each law school conducted their own entrance exam.",when did clat start
Who conducts CLAT exam?,"CLAT is conducted by 22 National Law Universities. Initially, it was conducted by 14 NLUs. It is held on a rotational basis by participating NLUs based on their year of establishment. The first CLAT exam was conducted by NLSIU, Bangalore in 2008.",who conducts clat exam
How to apply for CLAT?,Apply online via www.clat.ac.in by registering and creating a login. Upload documents online only. No physical documents should be sent. Applications must be completed before the deadline.,how to apply for clat
How much fee is to be remitted while applying for CLAT?,"The application fee is Rs. 4,000/- for Unreserved/OBC/PWD and others. For SC/ST candidates, it is Rs. 3,500/-. This includes the application form and e-brochure.",how much fee is to be remitted while applying for clat
What is the Eligibility criterion for CLAT?,"No age limit. Must have passed 10+2 or equivalent with at least 45% marks (40% for SC/ST). Candidates appearing in 10+2 are also eligible, subject to proof during counseling.",what is the eligibility criterion for clat
Can a candidate apply for UG programme (CLAT) who is appearing in qualifying (10+2) Examination?,"Yes, but they must submit proof of eligibility at the time of admission.",can a candidate apply for ug programme clat who is appearing in qualifying 102 examination
Do I need to send the certificates along with Application Form?,No. Original certificates must be submitted only at the time of admission to the allotted university.,do i need to send the certificates along with application form
Can a candidate apply for CLAT offline?,"No, the application is only through online mode.",can a candidate apply for clat offline
What will be the Mode of CLAT Exam?,"Since 2019, CLAT is conducted in offline (pen and paper) mode.",what will be the mode of clat exam
What will be the medium of CLAT Exam?,The medium of examination is English only.,what will be the medium of clat exam
Is there any negative marking in examination?,"Yes, 0.25 marks are deducted for each wrong answer.",is there any negative marking in examination
What is the question paper pattern for CLAT Exams?,"UG exam has 150 questions in 2 hours. MCQ format. Negative marking of 0.25 per wrong answer. Sections include English, Current Affairs, Legal Reasoning, Logical Reasoning, and Quantitative Techniques.",what is the question paper pattern for clat exams
Is there any minimum cut-off CLAT score prescribed for admission in any NLU?,No minimum cut-off. Candidates are considered in merit order within their category.,is there any minimum cutoff clat score prescribed for admission in any nlu
Is there any reservation available on domicile basis in any of the LAW school?,"Yes, some NLUs have domicile-based reservations.",is there any reservation available on domicile basis in any of the law school
Where could I find more information regarding courses offered by various National Law Universities?,Visit the official websites of the NLUs participating in CLAT.,where could i find more information regarding courses offered by various national law universities
Where to contact for details about CLAT?,"Contact: P.O. Bag 7201, Nagarbhavi, Bangalore - 560072, Karnataka, India. Email: clat@consortiumofnlus.ac.in, Phone: 08047162020, Timings: 10:00 am to 05:00 pm (working days).",where to contact for details about clat
Are there other Colleges/Universities/Organizations which accepts CLAT Score?,"Yes, many universities such as Shobhit University, NMIMS, Bennett University, SRM, Amity, Alliance, etc., accept CLAT scores. See full list in CLAT brochure or website.",are there other collegesuniversitiesorganizations which accepts clat score
Are Foreign Nationals required to take CLAT for admission to any of the National Law Universities?,No. Foreign Nationals are not required to take CLAT. They may directly apply to NLUs offering seats to them.,are foreign nationals required to take clat for admission to any of the national law universities
What are the entrance exams one needs to take to get admission to the top Law colleges?,"CLAT, AILET, SET, LSAT, Christ University Entrance Test, UL-SAT.",what are the entrance exams one needs to take to get admission to the top law colleges
"What is CLAT, and why is it important?","The Common Law Admission Test (CLAT) is an entrance exam conducted annually for admission into undergraduate and postgraduate law programs at NLUs in India. The importance of CLAT stems from its role as the primary gateway to the most prestigious law schools in the country. It tests students on various skills such as reading comprehension, legal reasoning, general knowledge, and quantitative techniques. Scoring well in CLAT can secure a spot in one of the highly ranked NLUs, which opens doors to lucrative careers in law, be it in corporate firms, judicial services, litigation, or academics.",what is clat and why is it important
What is the eligibility criteria for CLAT?,"The eligibility criteria differ for UG and PG programs:\nFor UG (CLAT-UG):\n- Candidates must have completed their 10+2 (or equivalent) from a recognized board.\n- General/OBC/PWD/NRI candidates must secure at least 45% marks, while SC/ST candidates need 40% marks.\n- Candidates appearing for the qualifying exam (10+2) in the same year can also apply, provided they meet the conditions at the time of admission.\nFor PG (CLAT-PG):\n- Applicants must hold an LLB degree or equivalent with a minimum of 50% marks (45% for SC/ST candidates).\n- Final-year LLB students can also apply if they meet the eligibility criteria at the time of admission.",what is the eligibility criteria for clat
What is the exam pattern for CLAT?,"The CLAT exam pattern is slightly different for UG and PG courses:\nFor CLAT-UG: 150 MCQs in 2 hours across:\n- English Language (28–32 questions)\n- Current Affairs incl. GK (35–39)\n- Legal Reasoning (35–39)\n- Logical Reasoning (28–32)\n- Quantitative Techniques (13–17)\nEach question: 1 mark; -0.25 for wrong answers.\nFor CLAT-PG: 120 MCQs based on comprehension from Constitutional Law, Jurisprudence, Criminal Law, etc., in 2 hours. Same marking scheme.",what is the exam pattern for clat
How can I prepare for CLAT effectively?,- Understand the syllabus and exam pattern.\n- Create a realistic study plan.\n- Read newspapers daily for Current Affairs and Legal updates.\n- Take mock tests to simulate real exam conditions.\n- Practice comprehension by reading editorials and legal articles.\n- Revise frequently to retain key concepts.,how can i prepare for clat effectively
Is CLAT difficult to crack?,"CLAT is competitive, but not inherently difficult. With strategic preparation, time management, and consistent practice, students can perform well. The main challenge lies in the level of competition for limited NLU seats.",is clat difficult to crack
What are the best resources for CLAT preparation?,"Books:\n- 'Word Power Made Easy' by Norman Lewis\n- 'Verbal & Non-Verbal Reasoning' by R.S. Aggarwal\n- 'Lucent’s General Knowledge'\n- Previous year CLAT papers\nWebsites:\n- Vidhigya, BYJU’s, GK Today, The Hindu\nYouTube:\n- Vidhigya's channel for strategies and legal reasoning guidance",what are the best resources for clat preparation
What is the role of mock tests in CLAT preparation?,Mock tests:\n- Simulate real exam conditions\n- Help identify strengths/weaknesses\n- Improve time management\n- Boost confidence and reduce exam anxiety,what is the role of mock tests in clat preparation
Is it necessary to join a coaching institute to crack CLAT?,"Not mandatory. Many succeed through self-study. Coaching institutes can help with structure, doubt resolution, and peer competition, but self-motivated learners can prepare effectively with the right resources independently.",is it necessary to join a coaching institute to crack clat
How is the CLAT score calculated?,Each correct answer: +1 mark\nEach incorrect answer: -0.25 marks\nFinal score = Total correct answers – 0.25 × wrong answers,how is the clat score calculated
When is the best time to start preparing for CLAT?,"Ideally, start in Class 11 or early Class 12 for sufficient preparation time. Even late starters can succeed with focused and intensive study plans.",when is the best time to start preparing for clat
What are the top NLUs participating in CLAT?,Top NLUs:\n- NLSIU Bangalore\n- NALSAR Hyderabad\n- NLU Delhi\n- WBNUJS Kolkata\n- NLU Jodhpur\nEach has different cutoffs based on rank and category.,what are the top nlus participating in clat
What is the cutoff for CLAT?,"Varies yearly depending on exam difficulty, candidate pool, and seats. Top 100–200 ranks are generally required for elite NLUs like NLSIU, NALSAR, WBNUJS.",what is the cutoff for clat
What is CLAT?,CLAT stands for Common Law Admission Test. It is a national-level law entrance exam conducted by the Consortium of National Law Universities.,what is clat
What law programmes are offered after clearing CLAT?,"CLAT is conducted for both undergraduate and postgraduate law programmes. CLAT UG paves the way for admissions in 5-year integrated law programmes, whereas CLAT PG is conducted for admissions to LLM programmes.",what law programmes are offered after clearing clat
Where can I get admission after clearing CLAT 2026?,"There are 24 national law universities that give admission only on the basis of CLAT scores. Apart from NLUs, more than 60 law schools also accept CLAT scores for admission purposes.",where can i get admission after clearing clat 2026
How many seats are available in national law universities participating in CLAT 2026?,"Through CLAT scores, the national law universities will offer around 4000+ seats in UG law programmes and around 1500+ seats in LLM programmes.",how many seats are available in national law universities participating in clat 2026
Are NRI candidates eligible for CLAT 2026?,"Yes, NRI candidates are eligible for appearing in CLAT. They may select their category as NRI to take benefits of the NRI category.",are nri candidates eligible for clat 2026
Is there any age limit for appearing in CLAT 2026?,"No, there is no age limit for appearing in the CLAT examination.",is there any age limit for appearing in clat 2026
Will clearing CLAT 2026 guarantee me admission to any National Law University of India?,"No, clearing CLAT does not guarantee admission. Admission is based on the merit list and seat availability in the participating NLUs.",will clearing clat 2026 guarantee me admission to any national law university of india
Is NLU Delhi participating in CLAT 2026?,"No, NLU Delhi is not participating in CLAT 2026; it conducts the AILET exam for admissions to UG and PG law programmes.",is nlu delhi participating in clat 2026
Can I appear for the Common Law Admission Test without the CLAT 2025 admit card?,"No, the admit card of CLAT 2025 is a mandatory document for the Common Law Admission Test. Without the admit card, candidates will not be able to appear for CLAT 2025.",can i appear for the common law admission test without the clat 2025 admit card
Is calculator allowed in CLAT exam?,"No, a calculator is not allowed in the examination hall.",is calculator allowed in clat exam
What is CLAT?,"CLAT stands for Common Law Admission Test, a national-level entrance exam conducted by the Consortium of National Law Universities for admission to undergraduate and postgraduate law programs in India.",what is clat
Who conducts the CLAT exam?,The Consortium of National Law Universities (NLUs) conducts the CLAT exam.,who conducts the clat exam
What are the eligibility criteria for CLAT UG?,Candidates must have completed 10+2 or equivalent with at least 45% marks (40% for SC/ST candidates). Those appearing in the qualifying exam can also apply.,what are the eligibility criteria for clat ug
What are the eligibility criteria for CLAT PG?,Applicants must hold an LLB degree or equivalent with a minimum of 50% marks (45% for SC/ST candidates). Final-year LLB students can also apply.,what are the eligibility criteria for clat pg
Is there an age limit for CLAT?,"No, there is no upper age limit for appearing in the CLAT exam.",is there an age limit for clat
What is the exam pattern for CLAT UG?,"The CLAT UG exam consists of 120 multiple-choice questions to be answered in 2 hours. The sections include English Language, Current Affairs including General Knowledge, Legal Reasoning, Logical Reasoning, and Quantitative Techniques.",what is the exam pattern for clat ug
What is the exam pattern for CLAT PG?,"The CLAT PG exam comprises 120 multiple-choice questions based on subjects like Constitutional Law, Jurisprudence, Torts, Criminal Law, International Law, etc., to be completed in 2 hours.",what is the exam pattern for clat pg
Is there negative marking in CLAT?,"Yes, there is a negative marking of 0.25 marks for each incorrect answer.",is there negative marking in clat
How can I apply for CLAT?,Candidates can apply online through the official CLAT website (consortiumofnlus.ac.in) by registering and filling out the application form.,how can i apply for clat
What is the application fee for CLAT?,"The application fee is ₹4,000 for General/OBC/PWD/NRI candidates and ₹3,500 for SC/ST candidates.",what is the application fee for clat
Can NRI candidates apply for CLAT?,"Yes, NRI candidates who meet the eligibility criteria can apply for CLAT.",can nri candidates apply for clat
Does NLU Delhi accept CLAT scores?,"No, NLU Delhi conducts its own entrance exam called AILET for admissions.",does nlu delhi accept clat scores
What is the duration of the CLAT exam?,The CLAT exam duration is 2 hours (120 minutes).,what is the duration of the clat exam
What should I do if I forget my CLAT login password?,You can reset your password by clicking on the 'Forgot Password' link on the official CLAT website and following the instructions.,what should i do if i forget my clat login password
Will I be refunded the counselling fee if I do not take admission?,"Yes, if you do not take admission to any National Law University, the counselling fee will be refunded.",will i be refunded the counselling fee if i do not take admission
What are the top NLUs participating in CLAT?,"Some of the top NLUs include NLSIU Bangalore, NALSAR Hyderabad, WBNUJS Kolkata, NLU Jodhpur, and GNLU Gandhinagar.",what are the top nlus participating in clat
What is the cutoff for CLAT?,"The cutoff varies each year and depends on factors like the difficulty level of the exam, number of candidates, and available seats.",what is the cutoff for clat
How many times can I attempt CLAT?,There is no restriction on the number of attempts for CLAT.,how many times can i attempt clat
Is it necessary to join a coaching institute for CLAT preparation?,"No, it's not mandatory. Many students prepare through self-study using the right resources and a disciplined approach.",is it necessary to join a coaching institute for clat preparation
What are some recommended books for CLAT preparation?,"Recommended books include 'Word Power Made Easy' by Norman Lewis for vocabulary, 'Verbal and Non-Verbal Reasoning' by RS Aggarwal, and 'Lucent’s General Knowledge' for static GK.",what are some recommended books for clat preparation
tell me the syllabus of clat 2025?,"The CLAT 2025 syllabus includes English Language, Current Affairs including General Knowledge, Legal Reasoning, Logical Reasoning, and Quantitative Techniques.",tell me the syllabus of clat 2025
tell me the syllabus for clat 2025?,"The CLAT 2025 syllabus includes English Language, Current Affairs including General Knowledge, Legal Reasoning, Logical Reasoning, and Quantitative Techniques.",tell me the syllabus for clat 2025
how many questions do you see in the english section?,The English Language section typically has around 22-26 questions out of the total 120.,how many questions do you see in the english section
how many questions are there in the english section?,The English Language section typically has around 22-26 questions out of the total 120.,how many questions are there in the english section
tell me the nlsiu bangalore cutoff last year?,The CLAT 2024 cutoff rank for NLSIU Bangalore was around AIR 114 for the general category.,tell me the nlsiu bangalore cutoff last year
what was the cutoff for nlsiu bangalore last year?,The CLAT 2024 cutoff rank for NLSIU Bangalore was around AIR 114 for the general category.,what was the cutoff for nlsiu bangalore last year
how long does the clat exam last?,The CLAT exam duration is 2 hours (120 minutes).,how long does the clat exam last
What is the marking scheme in CLAT?,Each correct answer gives you 1 mark and 0.25 marks are deducted for each incorrect answer.,what is the marking scheme in clat
are there any age limits for clat?,"No, there is no upper age limit for appearing in the CLAT exam.",are there any age limits for clat
How many times can I appear for CLAT?,There is no restriction on the number of attempts for the CLAT exam.,how many times can i appear for clat
What is the mode of CLAT 2025?,CLAT 2025 will be conducted in offline mode (pen and paper based).,what is the mode of clat 2025
When will CLAT 2025 be held?,CLAT 2025 is tentatively scheduled for December 2024.,when will clat 2025 be held
tell me the best way to apply for clat 2025?,You can apply for CLAT 2025 through the official website consortiumofnlus.ac.in.,tell me the best way to apply for clat 2025
what is the clat 2025 application fee?,"The application fee is ₹4,000 for general category and ₹3,500 for SC/ST/BPL candidates.",what is the clat 2025 application fee
tell me the application fee for clat 2025?,"The application fee is ₹4,000 for general category and ₹3,500 for SC/ST/BPL candidates.",tell me the application fee for clat 2025
how many nlus are involved in the clat?,A total of 24 National Law Universities (NLUs) participate in CLAT for UG admissions.,how many nlus are involved in the clat
how many nlus are involved in clat?,A total of 24 National Law Universities (NLUs) participate in CLAT for UG admissions.,how many nlus are involved in clat
can i edit the clat application form if i have already submitted it?,"Yes, a correction window is usually provided for editing the CLAT application form.",can i edit the clat application form if i have already submitted it
can i edit the clat application after submission?,"Yes, a correction window is usually provided for editing the CLAT application form.",can i edit the clat application after submission
tell me the eligibility criteria for ug clat?,You must have passed 10+2 or equivalent with at least 45% marks (40% for SC/ST).,tell me the eligibility criteria for ug clat
is coaching necessary for completing clat?,Coaching is not mandatory but can be helpful for structured preparation and practice.,is coaching necessary for completing clat
is coaching essential for clat?,Coaching is not mandatory but can be helpful for structured preparation and practice.,is coaching essential for clat
how many questions are there on clat 2025?,CLAT 2025 will have 120 multiple-choice questions.,how many questions are there on clat 2025
is there a separate paper for each nlu?,"No, CLAT is a centralized exam and a single paper is used for all NLUs.",is there a separate paper for each nlu
what topics will be covered in clat ug?,"The subjects are English Language, Current Affairs, Legal Reasoning, Logical Reasoning, and Quantitative Techniques.",what topics will be covered in clat ug
tell me the weightage of each section of clat?,"Each section carries varying weightage: Legal Reasoning (~25%), GK (~25%), English (~20%), LR (~20%), and QT (~10%).",tell me the weightage of each section of clat
what is the weightage of each section in the clat?,"Each section carries varying weightage: Legal Reasoning (~25%), GK (~25%), English (~20%), LR (~20%), and QT (~10%).",what is the weightage of each section in the clat
is clat available in multiple languages?,"No, CLAT is conducted only in English.",is clat available in multiple languages
does clat exist in multiple languages?,"No, CLAT is conducted only in English.",does clat exist in multiple languages
tell me the meaning of clat?,"CLAT stands for Common Law Admission Test. It is an entrance exam conducted all over India for admission into various law courses in participating law schools. CLAT is conducted for undergraduate students (5 year dual degree programs which have LLB and degrees awarded from BA to BSc, BBA, and B.Com) as well as for Graduate students opting for LLM programs.",tell me the meaning of clat
what is a clat?,"CLAT stands for Common Law Admission Test. It is an entrance exam conducted all over India for admission into various law courses in participating law schools. CLAT is conducted for undergraduate students (5 year dual degree programs which have LLB and degrees awarded from BA to BSc, BBA, and B.Com) as well as for Graduate students opting for LLM programs.",what is a clat
when did clat begin?,"CLAT exam was started in 2008, before that each law school conducted their own entrance exam.",when did clat begin
how is clat conducted?,"CLAT is conducted by 22 National Law Universities. Initially, it was conducted by 14 NLUs. It is held on a rotational basis by participating NLUs based on their year of establishment. The first CLAT exam was conducted by NLSIU, Bangalore in 2008.",how is clat conducted
who conducted the clat?,"CLAT is conducted by 22 National Law Universities. Initially, it was conducted by 14 NLUs. It is held on a rotational basis by participating NLUs based on their year of establishment. The first CLAT exam was conducted by NLSIU, Bangalore in 2008.",who conducted the clat
how can one apply for the clat?,Apply online via www.clat.ac.in by registering and creating a login. Upload documents online only. No physical documents should be sent. Applications must be completed before the deadline.,how can one apply for the clat
how can i apply for clat?,Apply online via www.clat.ac.in by registering and creating a login. Upload documents online only. No physical documents should be sent. Applications must be completed before the deadline.,how can i apply for clat
how much fees is to be reimbursed in completing the clat application?,"The application fee is Rs. 4,000/- for Unreserved/OBC/PWD and others. For SC/ST candidates, it is Rs. 3,500/-. This includes the application form and e-brochure.",how much fees is to be reimbursed in completing the clat application
tell me the eligibility criteria for a clat?,"No age limit. Must have passed 10+2 or equivalent with at least 45% marks (40% for SC/ST). Candidates appearing in 10+2 are also eligible, subject to proof during counseling.",tell me the eligibility criteria for a clat
what are eligibility criteria for clat?,"No age limit. Must have passed 10+2 or equivalent with at least 45% marks (40% for SC/ST). Candidates appearing in 10+2 are also eligible, subject to proof during counseling.",what are eligibility criteria for clat
Can a candidate apply for UG programme (CLAT) who is appearing in qualifying (10+2) Examination?,"Yes, but they must submit proof of eligibility at the time of admission.",can a candidate apply for ug programme clat who is appearing in qualifying 102 examination
do i need to send a certification along with the application form?,No. Original certificates must be submitted only at the time of admission to the allotted university.,do i need to send a certification along with the application form
do i need to send certificates along with the application form?,No. Original certificates must be submitted only at the time of admission to the allotted university.,do i need to send certificates along with the application form
Can a candidate apply for CLAT offline?,"No, the application is only through online mode.",can a candidate apply for clat offline
tell me the format of the clat exam?,"Since 2019, CLAT is conducted in offline (pen and paper) mode.",tell me the format of the clat exam
which mode will you use to take clat exams?,"Since 2019, CLAT is conducted in offline (pen and paper) mode.",which mode will you use to take clat exams
is there a negative mark in the exam?,"Yes, 0.25 marks are deducted for each wrong answer.",is there a negative mark in the exam
do i get any negative marks in the examination?,"Yes, 0.25 marks are deducted for each wrong answer.",do i get any negative marks in the examination
What is the question paper pattern for CLAT Exams?,"UG exam has 150 questions in 2 hours. MCQ format. Negative marking of 0.25 per wrong answer. Sections include English, Current Affairs, Legal Reasoning, Logical Reasoning, and Quantitative Techniques.",what is the question paper pattern for clat exams
is there a minimum clat score required for admission in a nlu?,No minimum cut-off. Candidates are considered in merit order within their category.,is there a minimum clat score required for admission in a nlu
is there any cut-off clat score prescribed for admission in nlu?,No minimum cut-off. Candidates are considered in merit order within their category.,is there any cutoff clat score prescribed for admission in nlu
is a domicile reservation available in any law school?,"Yes, some NLUs have domicile-based reservations.",is a domicile reservation available in any law school
is there any reservation available in law school on domicile basis?,"Yes, some NLUs have domicile-based reservations.",is there any reservation available in law school on domicile basis
where can i find out more about the courses offered by the national law university?,Visit the official websites of the NLUs participating in CLAT.,where can i find out more about the courses offered by the national law university
how can i know more about the course offered by the various national law universities?,Visit the official websites of the NLUs participating in CLAT.,how can i know more about the course offered by the various national law universities
where can i get all the information on clat?,"Contact: P.O. Bag 7201, Nagarbhavi, Bangalore - 560072, Karnataka, India. Email: clat@consortiumofnlus.ac.in, Phone: 08047162020, Timings: 10:00 am to 05:00 pm (working days).",where can i get all the information on clat
where can i get more information on clat?,"Contact: P.O. Bag 7201, Nagarbhavi, Bangalore - 560072, Karnataka, India. Email: clat@consortiumofnlus.ac.in, Phone: 08047162020, Timings: 10:00 am to 05:00 pm (working days).",where can i get more information on clat
show some universities that accept clat scores in their admissions?,"Yes, many universities such as Shobhit University, NMIMS, Bennett University, SRM, Amity, Alliance, etc., accept CLAT scores. See full list in CLAT brochure or website.",show some universities that accept clat scores in their admissions
are there any other collegesuniversitiesorganizations which accept clat scores?,"Yes, many universities such as Shobhit University, NMIMS, Bennett University, SRM, Amity, Alliance, etc., accept CLAT scores. See full list in CLAT brochure or website.",are there any other collegesuniversitiesorganizations which accept clat scores
are foreign nationals required to take clat for admission in any national law university?,No. Foreign Nationals are not required to take CLAT. They may directly apply to NLUs offering seats to them.,are foreign nationals required to take clat for admission in any national law university
are foreign nationals required to take clat for admission into any of the national law universities?,No. Foreign Nationals are not required to take CLAT. They may directly apply to NLUs offering seats to them.,are foreign nationals required to take clat for admission into any of the national law universities
how can i get into top law schools?,"CLAT, AILET, SET, LSAT, Christ University Entrance Test, UL-SAT.",how can i get into top law schools
what are entrance exams required for law school admissions?,"CLAT, AILET, SET, LSAT, Christ University Entrance Test, UL-SAT.",what are entrance exams required for law school admissions
why is clat so important?,"The Common Law Admission Test (CLAT) is an entrance exam conducted annually for admission into undergraduate and postgraduate law programs at NLUs in India. The importance of CLAT stems from its role as the primary gateway to the most prestigious law schools in the country. It tests students on various skills such as reading comprehension, legal reasoning, general knowledge, and quantitative techniques. Scoring well in CLAT can secure a spot in one of the highly ranked NLUs, which opens doors to lucrative careers in law, be it in corporate firms, judicial services, litigation, or academics.",why is clat so important
tell me the eligibility criteria for the clat 2016?,"The eligibility criteria differ for UG and PG programs:\nFor UG (CLAT-UG):\n- Candidates must have completed their 10+2 (or equivalent) from a recognized board.\n- General/OBC/PWD/NRI candidates must secure at least 45% marks, while SC/ST candidates need 40% marks.\n- Candidates appearing for the qualifying exam (10+2) in the same year can also apply, provided they meet the conditions at the time of admission.\nFor PG (CLAT-PG):\n- Applicants must hold an LLB degree or equivalent with a minimum of 50% marks (45% for SC/ST candidates).\n- Final-year LLB students can also apply if they meet the eligibility criteria at the time of admission.",tell me the eligibility criteria for the clat 2016
tell me the eligibility criteria for the clat?,"The eligibility criteria differ for UG and PG programs:\nFor UG (CLAT-UG):\n- Candidates must have completed their 10+2 (or equivalent) from a recognized board.\n- General/OBC/PWD/NRI candidates must secure at least 45% marks, while SC/ST candidates need 40% marks.\n- Candidates appearing for the qualifying exam (10+2) in the same year can also apply, provided they meet the conditions at the time of admission.\nFor PG (CLAT-PG):\n- Applicants must hold an LLB degree or equivalent with a minimum of 50% marks (45% for SC/ST candidates).\n- Final-year LLB students can also apply if they meet the eligibility criteria at the time of admission.",tell me the eligibility criteria for the clat
which is the pattern of the clat exam?,"The CLAT exam pattern is slightly different for UG and PG courses:\nFor CLAT-UG: 150 MCQs in 2 hours across:\n- English Language (28–32 questions)\n- Current Affairs incl. GK (35–39)\n- Legal Reasoning (35–39)\n- Logical Reasoning (28–32)\n- Quantitative Techniques (13–17)\nEach question: 1 mark; -0.25 for wrong answers.\nFor CLAT-PG: 120 MCQs based on comprehension from Constitutional Law, Jurisprudence, Criminal Law, etc., in 2 hours. Same marking scheme.",which is the pattern of the clat exam
what should i do in preparation for clat?,- Understand the syllabus and exam pattern.\n- Create a realistic study plan.\n- Read newspapers daily for Current Affairs and Legal updates.\n- Take mock tests to simulate real exam conditions.\n- Practice comprehension by reading editorials and legal articles.\n- Revise frequently to retain key concepts.,what should i do in preparation for clat
how do you prepare for the clat?,- Understand the syllabus and exam pattern.\n- Create a realistic study plan.\n- Read newspapers daily for Current Affairs and Legal updates.\n- Take mock tests to simulate real exam conditions.\n- Practice comprehension by reading editorials and legal articles.\n- Revise frequently to retain key concepts.,how do you prepare for the clat
is clat difficult to crack?,"CLAT is competitive, but not inherently difficult. With strategic preparation, time management, and consistent practice, students can perform well. The main challenge lies in the level of competition for limited NLU seats.",is clat difficult to crack
which are the best websites for preparing clat?,"Books:\n- 'Word Power Made Easy' by Norman Lewis\n- 'Verbal & Non-Verbal Reasoning' by R.S. Aggarwal\n- 'Lucent’s General Knowledge'\n- Previous year CLAT papers\nWebsites:\n- Vidhigya, BYJU’s, GK Today, The Hindu\nYouTube:\n- Vidhigya's channel for strategies and legal reasoning guidance",which are the best websites for preparing clat
how do mock tests help prepare for clat?,Mock tests:\n- Simulate real exam conditions\n- Help identify strengths/weaknesses\n- Improve time management\n- Boost confidence and reduce exam anxiety,how do mock tests help prepare for clat
what is mock tests for clat prep?,Mock tests:\n- Simulate real exam conditions\n- Help identify strengths/weaknesses\n- Improve time management\n- Boost confidence and reduce exam anxiety,what is mock tests for clat prep
is it necessary to join a coaching institute to crack clat?,"Not mandatory. Many succeed through self-study. Coaching institutes can help with structure, doubt resolution, and peer competition, but self-motivated learners can prepare effectively with the right resources independently.",is it necessary to join a coaching institute to crack clat
how is the clat score calculated?,Each correct answer: +1 mark\nEach incorrect answer: -0.25 marks\nFinal score = Total correct answers – 0.25 × wrong answers,how is the clat score calculated
When is the best time to start preparing for CLAT?,"Ideally, start in Class 11 or early Class 12 for sufficient preparation time. Even late starters can succeed with focused and intensive study plans.",when is the best time to start preparing for clat
What are the top NLUs participating in CLAT?,Top NLUs:\n- NLSIU Bangalore\n- NALSAR Hyderabad\n- NLU Delhi\n- WBNUJS Kolkata\n- NLU Jodhpur\nEach has different cutoffs based on rank and category.,what are the top nlus participating in clat
What is the cutoff for CLAT?,"Varies yearly depending on exam difficulty, candidate pool, and seats. Top 100–200 ranks are generally required for elite NLUs like NLSIU, NALSAR, WBNUJS.",what is the cutoff for clat
what is a clat?,CLAT stands for Common Law Admission Test. It is a national-level law entrance exam conducted by the Consortium of National Law Universities.,what is a clat
What law programmes are offered after clearing CLAT?,"CLAT is conducted for both undergraduate and postgraduate law programmes. CLAT UG paves the way for admissions in 5-year integrated law programmes, whereas CLAT PG is conducted for admissions to LLM programmes.",what law programmes are offered after clearing clat
Where can I get admission after clearing CLAT 2026?,"There are 24 national law universities that give admission only on the basis of CLAT scores. Apart from NLUs, more than 60 law schools also accept CLAT scores for admission purposes.",where can i get admission after clearing clat 2026
How many seats are available in national law universities participating in CLAT 2026?,"Through CLAT scores, the national law universities will offer around 4000+ seats in UG law programmes and around 1500+ seats in LLM programmes.",how many seats are available in national law universities participating in clat 2026
tell me the eligibility of nri candidates in clat 2026?,"Yes, NRI candidates are eligible for appearing in CLAT. They may select their category as NRI to take benefits of the NRI category.",tell me the eligibility of nri candidates in clat 2026
is nri candidates eligible for clat 2026?,"Yes, NRI candidates are eligible for appearing in CLAT. They may select their category as NRI to take benefits of the NRI category.",is nri candidates eligible for clat 2026
Is there any age limit for appearing in CLAT 2026?,"No, there is no age limit for appearing in the CLAT examination.",is there any age limit for appearing in clat 2026
can clearing clat 2026 mean i will get admission at the national law university of india?,"No, clearing CLAT does not guarantee admission. Admission is based on the merit list and seat availability in the participating NLUs.",can clearing clat 2026 mean i will get admission at the national law university of india
is nlu delhi interested in clat 2026?,"No, NLU Delhi is not participating in CLAT 2026; it conducts the AILET exam for admissions to UG and PG law programmes.",is nlu delhi interested in clat 2026
will nlu delhi participate in clat 2026?,"No, NLU Delhi is not participating in CLAT 2026; it conducts the AILET exam for admissions to UG and PG law programmes.",will nlu delhi participate in clat 2026
what can happen if i miss the clat 2025 admit card?,"No, the admit card of CLAT 2025 is a mandatory document for the Common Law Admission Test. Without the admit card, candidates will not be able to appear for CLAT 2025.",what can happen if i miss the clat 2025 admit card
is there a calculator in the clat exam?,"No, a calculator is not allowed in the examination hall.",is there a calculator in the clat exam
are calculators allowed in clat examinations?,"No, a calculator is not allowed in the examination hall.",are calculators allowed in clat examinations
What is CLAT?,"CLAT stands for Common Law Admission Test, a national-level entrance exam conducted by the Consortium of National Law Universities for admission to undergraduate and postgraduate law programs in India.",what is clat
who conducts a clat exam?,The Consortium of National Law Universities (NLUs) conducts the CLAT exam.,who conducts a clat exam
who conducts the clat exam?,The Consortium of National Law Universities (NLUs) conducts the CLAT exam.,who conducts the clat exam
tell me the eligibility criteria for clat ug?,Candidates must have completed 10+2 or equivalent with at least 45% marks (40% for SC/ST candidates). Those appearing in the qualifying exam can also apply.,tell me the eligibility criteria for clat ug
what is the eligibility criteria for clat ug?,Candidates must have completed 10+2 or equivalent with at least 45% marks (40% for SC/ST candidates). Those appearing in the qualifying exam can also apply.,what is the eligibility criteria for clat ug
What are the eligibility criteria for CLAT PG?,Applicants must hold an LLB degree or equivalent with a minimum of 50% marks (45% for SC/ST candidates). Final-year LLB students can also apply.,what are the eligibility criteria for clat pg
is there any age limit for a clat exam?,"No, there is no upper age limit for appearing in the CLAT exam.",is there any age limit for a clat exam
What is the exam pattern for CLAT UG?,"The CLAT UG exam consists of 120 multiple-choice questions to be answered in 2 hours. The sections include English Language, Current Affairs including General Knowledge, Legal Reasoning, Logical Reasoning, and Quantitative Techniques.",what is the exam pattern for clat ug
What is the exam pattern for CLAT PG?,"The CLAT PG exam comprises 120 multiple-choice questions based on subjects like Constitutional Law, Jurisprudence, Torts, Criminal Law, International Law, etc., to be completed in 2 hours.",what is the exam pattern for clat pg
is there any negative marking in clat?,"Yes, there is a negative marking of 0.25 marks for each incorrect answer.",is there any negative marking in clat
is there a negative marking in clat?,"Yes, there is a negative marking of 0.25 marks for each incorrect answer.",is there a negative marking in clat
how can i apply for the clat?,Candidates can apply online through the official CLAT website (consortiumofnlus.ac.in) by registering and filling out the application form.,how can i apply for the clat
how can i apply for clat?,Candidates can apply online through the official CLAT website (consortiumofnlus.ac.in) by registering and filling out the application form.,how can i apply for clat
how much is the clat application fee?,"The application fee is ₹4,000 for General/OBC/PWD/NRI candidates and ₹3,500 for SC/ST candidates.",how much is the clat application fee
tell me the application fee for clat?,"The application fee is ₹4,000 for General/OBC/PWD/NRI candidates and ₹3,500 for SC/ST candidates.",tell me the application fee for clat
is it possible to apply for clat if you are an nriri?,"Yes, NRI candidates who meet the eligibility criteria can apply for CLAT.",is it possible to apply for clat if you are an nriri
can nri candidates apply for the clat?,"Yes, NRI candidates who meet the eligibility criteria can apply for CLAT.",can nri candidates apply for the clat
is nlu delhi accepting clat scores?,"No, NLU Delhi conducts its own entrance exam called AILET for admissions.",is nlu delhi accepting clat scores
does nlu delhi accept the clat scores?,"No, NLU Delhi conducts its own entrance exam called AILET for admissions.",does nlu delhi accept the clat scores
how long does the clat exam take?,The CLAT exam duration is 2 hours (120 minutes).,how long does the clat exam take
tell me the length of the clat exam?,The CLAT exam duration is 2 hours (120 minutes).,tell me the length of the clat exam
what should i do when i forget my password?,You can reset your password by clicking on the 'Forgot Password' link on the official CLAT website and following the instructions.,what should i do when i forget my password
what should i do if i forgot my clat password?,You can reset your password by clicking on the 'Forgot Password' link on the official CLAT website and following the instructions.,what should i do if i forgot my clat password
will the counseling fee be refunded if i do not take admission?,"Yes, if you do not take admission to any National Law University, the counselling fee will be refunded.",will the counseling fee be refunded if i do not take admission
will i be refunded the counselling fee if i have not taken admission?,"Yes, if you do not take admission to any National Law University, the counselling fee will be refunded.",will i be refunded the counselling fee if i have not taken admission
What are the top NLUs participating in CLAT?,"Some of the top NLUs include NLSIU Bangalore, NALSAR Hyderabad, WBNUJS Kolkata, NLU Jodhpur, and GNLU Gandhinagar.",what are the top nlus participating in clat
tell me the clat cutoff?,"The cutoff varies each year and depends on factors like the difficulty level of the exam, number of candidates, and available seats.",tell me the clat cutoff
what's the cut-off mark for clat?,"The cutoff varies each year and depends on factors like the difficulty level of the exam, number of candidates, and available seats.",whats the cutoff mark for clat
how many times can i try clat?,There is no restriction on the number of attempts for CLAT.,how many times can i try clat
is it really necessary to join a coaching institute for clat preparation?,"No, it's not mandatory. Many students prepare through self-study using the right resources and a disciplined approach.",is it really necessary to join a coaching institute for clat preparation
What are some recommended books for CLAT preparation?,"Recommended books include 'Word Power Made Easy' by Norman Lewis for vocabulary, 'Verbal and Non-Verbal Reasoning' by RS Aggarwal, and 'Lucent’s General Knowledge' for static GK.",what are some recommended books for clat preparation